{"inputs":[["0100000000000000000000000000000000000000000000000000000000000000","ffffffef93f5e1439170b97948e833285d588181b64550b829a031e1724e6430","0200000000000000000000000000000000000000000000000000000000000000","0000000000000000000000000000000000000000000000000000000000000000"]],"pretty_elements":{"rescaled_inputs":[["0.25","-0.5","0.5","0"]],"inputs":[["0x0000000000000000000000000000000000000000000000000000000000000001","0x30644e72e131a029b85045b68181585d2833e84879b9709143e1f593efffffff","0x0000000000000000000000000000000000000000000000000000000000000002","0x0000000000000000000000000000000000000000000000000000000000000000"]],"processed_inputs":[],"processed_params":[],"processed_outputs":[],"rescaled_outputs":[["-10.40234375","11.21875","-1.5859375"]],"outputs":[["0x30644e72e131a029b85045b68181585d2833e84879b9709143e1f593effff59a","0x0000000000000000000000000000000000000000000000000000000000000b38","0x30644e72e131a029b85045b68181585d2833e84879b9709143e1f593effffe6b"]]},"outputs":[["9af5ffef93f5e1439170b97948e833285d588181b64550b829a031e1724e6430","380b000000000000000000000000000000000000000000000000000000000000","6bfeffef93f5e1439170b97948e833285d588181b64550b829a031e1724e6430"]],"processed_inputs":null,"processed_params":null,"processed_outputs":null,"max_lookup_inputs":285,"min_lookup_inputs":-155,"max_range_size":0}